Sr No,amount
1,200000000.0
2,8048394.0
3,18358860.0
4,3000000.0
5,1800000.0
6,9000000.0
7,150000000.0
8,6000000.0
9,70000000.0
10,50000000.0
11,20000000.0
12,12000000.0
13,30000000.0
14,5900000.0
15,2000000.0
16,50000000.0
17,231000000.0
18,150000000.0
19,486000.0
20,1500000.0
22,12000000.0
23,26000000.0
24,17411265.0
25,1300000.0
26,135000000.0
27,300000.0
28,220000000.0
29,15800000.0
30,283000000.0
31,200000000.0
32,1000000000.0
33,45000000.0
34,585000000.0
36,4500000.0
37,3300000.0
38,6000000.0
39,5000000.0
40,18000000.0
41,1000000.0
42,10000000.0
43,450000000.0
44,5000000.0
45,20000000.0
46,5000000.0
47,1600000.0
48,140000000.0
49,38080000.0
50,125000000.0
51,11000000.0
52,51000000.0
53,37000000.0
54,500000.0
55,110000000.0
56,15000000.0
57,6590000.0
58,1000000.0
60,70000000.0
61,3900000000.0
62,19000000.0
63,2500000.0
64,145000.0
65,1000000.0
66,38080000.0
67,500000.0
68,150000000.0
69,60000000.0
70,16000000.0
71,5750000.0
72,2500000.0
73,1000000.0
74,319605.0
75,51000000.0
76,10000000.0
77,4889975.54
78,9000000.0
79,75000000.0
80,26000000.0
81,2500000.0
82,2739034.68
83,26000000.0
84,15109500.0
85,430200.0
86,15500000.0
87,52000000.0
88,3584000.0
89,3400000.0
91,868600.0
93,150000000.0
94,50000000.0
95,51000000.0
96,140000000.0
97,11500000.0
98,5600000.0
99,45000000.0
100,17000000.0
101,430665.0
102,3591375.0
103,200000.0
104,3500000.0
105,6320820.0
106,2443495.0
107,307000.0
108,26000000.0
109,3000000.0
111,5000000.0
112,3000000.0
114,226000000.0
115,600000.0
116,100000000.0
117,110000000.0
118,22000000.0
119,5000000.0
120,700000.0
121,50000000.0
122,800000.0
123,572000.0
124,143000.0
125,2000000.0
126,3500000.0
127,138995.0
128,27799000.0
129,50000000.0
130,500000.0
131,1000000.0
132,1000000.0
133,1300000.0
134,1000000.0
135,500000.0
136,300000000.0
137,6000000.0
138,278000.0
139,31000000.0
141,3400000.0
142,29500000.0
143,42000000.0
144,1700000.0
146,11000000.0
147,8200000.0
148,3000000.0
149,4000000.0
150,14680000.0
151,12000000.0
152,35000000.0
153,225000000.0
154,6390000.0
155,1000000.0
157,157200000.0
159,100000000.0
160,4000000.0
161,32000000.0
162,5500000.0
163,5000000.0
164,30000000.0
165,400000.0
167,7000000.0
168,120000.0
169,1000000.0
170,35000000.0
171,10000000.0
172,4000000.0
173,12200000.0
174,66000000.0
175,3000000.0
176,1000000.0
177,4000000.0
178,8000000.0
179,114811.0
180,5850000.0
181,1000000.0
182,4800000.0
183,6000000.0
184,14270000.0
185,13400000.0
186,4200000.0
187,5000000.0
188,3000000.0
189,600000000.0
191,1000000.0
192,4000000.0
193,6250000.0
194,27700000.0
195,440000.0
196,1100000.0
197,437000.0
199,5000000.0
200,5000000.0
201,2500000.0
202,180000.0
203,500000.0
204,175000.0
205,29000000.0
206,49700000.0
207,1500000.0
208,100000000.0
209,1500000.0
210,18000000.0
212,280000.0
213,436000.0
214,180000.0
215,45000000.0
216,17000000.0
217,1250000.0
218,2500000.0
219,1100000.0
221,500000.0
222,11000000.0
223,120000000.0
224,100000000.0
225,5000000.0
226,10000000.0
227,125000.0
231,23000000.0
232,11500000.0
233,21500000.0
235,14800000.0
236,10100000.0
237,3000000.0
238,300000.0
239,450000.0
241,3450000.0
242,4800000.0
243,21000000.0
244,1700000.0
246,1100000.0
247,15000000.0
248,9100000.0
249,200000000.0
250,4000000.0
251,1000000.0
252,8950000.0
253,19000000.0
254,4500000.0
255,1100000.0
256,2000000.0
258,450000.0
259,22000000.0
260,2500000.0
261,225000.0
262,1000000.0
263,949000.0
264,24000000.0
265,4200000.0
266,300000.0
267,7000000.0
268,500000.0
269,735000.0
270,735000.0
271,2000000.0
272,2000000.0
273,293000.0
274,12000000.0
275,200000.0
276,1500000.0
277,8000000.0
279,14000000.0
280,1300000.0
281,2000000.0
282,307600.0
284,1300000.0
285,55000000.0
286,150000.0
287,10000000.0
288,2800000.0
289,1000000.0
291,46140.0
293,12000000.0
294,1000000.0
295,4600000.0
296,2000000.0
297,500000.0
299,22000000.0
302,1100000.0
303,23000000.0
305,1900000.0
306,11000000.0
307,150000.0
308,22000000.0
309,246000.0
310,5500000.0
312,10000000.0
314,7500000.0
315,978000.0
317,3000000.0
318,12000000.0
319,250000.0
320,1000000.0
321,2100000.0
322,10000000.0
323,6000000.0
324,5000000.0
325,1100000.0
326,9700000.0
327,7600000.0
328,38400000.0
329,1000000.0
330,1000000.0
331,82000000.0
333,17200000.0
334,62000000.0
335,1310000.0
336,500000.0
337,3000000.0
338,1000000.0
341,18000000.0
342,768000.0
343,1240000.0
345,1000000.0
346,250000.0
347,2000000.0
348,535000.0
349,3000000.0
351,300000000.0
352,200000000.0
353,4300000.0
354,21000000.0
355,2000000.0
357,3100000.0
358,100000000.0
359,100000000.0
360,50000000.0
361,12000000.0
363,6830000.0
365,87000000.0
367,935089.0
368,311200.0
370,13500000.0
371,3000000.0
372,100000.0
373,500000.0
374,5000000.0
375,148434.0
376,6230000.0
377,250000.0
378,150000.0
379,3800000.0
380,500000.0
381,50000000.0
382,20000000.0
383,2100000.0
385,772500.0
386,1040000.0
388,250000.0
389,115000000.0
390,1400000.0
393,15700000.0
396,4700000.0
397,2500000.0
398,1930000.0
399,18840000.0
400,23500000.0
401,36230000.0
402,80000.0
403,20000000.0
404,354600.0
405,25000000.0
406,20000000.0
407,1000000.0
408,18200000.0
409,400000.0
410,2500000.0
412,4000000.0
413,3200000.0
414,3000000.0
415,47000000.0
416,8600000.0
417,6240000.0
419,1000000.0
420,7400000.0
421,1500000.0
422,1000000.0
423,1000000.0
424,50000000.0
425,500000.0
426,7600000.0
427,10000000.0
428,4400000.0
430,12300000.0
431,23000000.0
432,1000000.0
433,500000.0
434,60000000.0
435,7000000.0
436,10000000.0
437,3100000.0
438,750000.0
439,2300000.0
440,5000000.0
441,1500000.0
442,50000.0
443,50000.0
444,1200000.0
445,1800000.0
447,17500000.0
448,233000.0
449,27000000.0
450,27000000.0
451,7200000.0
453,7000000.0
454,6000000.0
455,250000.0
456,10000000.0
458,537000.0
459,2700000.0
461,9500000.0
463,1500000.0
464,1000000.0
465,19500000.0
466,4000000.0
467,150000.0
469,10000000.0
471,3800000.0
472,570000.0
475,1000000.0
477,500000.0
478,1000000.0
482,5000000.0
483,5000000.0
484,7600000.0
485,3000000.0
486,3000000.0
487,3600000.0
488,872000.0
491,25000000.0
493,15000000.0
495,8250000.0
496,900000.0
498,3000000.0
501,200000.0
503,692000.0
504,329230.0
505,2700000.0
506,400000.0
507,250000.0
508,26000000.0
510,200000000.0
513,10000000.0
514,250000.0
515,270000000.0
516,39000.0
517,3800000.0
518,13000000.0
519,1500000.0
520,1350000.0
521,2000000.0
524,110000000.0
526,306000.0
527,38700000.0
528,1000000.0
529,450000.0
530,9200000.0
531,3100000.0
532,8000000.0
533,10000000.0
534,2000000.0
536,2700000.0
539,336000.0
541,1400000.0
542,4500000.0
543,3100000.0
544,1100000.0
545,235000.0
546,77000000.0
547,250000.0
548,2000000.0
549,8000000.0
550,9200000.0
551,7000000.0
552,7000000.0
554,7700000.0
555,500000.0
556,7000000.0
557,6000000.0
558,3100000.0
559,118000.0
561,500000.0
562,3000000.0
563,722000.0
566,550000.0
567,5000000.0
568,3800000.0
570,120000.0
571,7700000.0
572,2000000.0
573,14000000.0
574,32000000.0
575,1000000.0
576,1500000.0
577,1300000.0
578,5600000.0
579,1500000.0
580,600000.0
581,10750000.0
582,10000000.0
583,6000000.0
584,26000000.0
585,5000000.0
587,250000000.0
588,780000.0
590,1000000.0
591,6900000.0
593,30000000.0
594,6200000.0
596,100000.0
597,17000000.0
598,3000000.0
600,2000000.0
601,10000000.0
602,11500000.0
603,780000.0
605,44000000.0
606,120000.0
608,1000000.0
610,50000000.0
612,6000000.0
615,1000000.0
616,15400000.0
619,6000000.0
622,422000.0
623,150000.0
627,1600000.0
629,1000000.0
631,300000.0
632,1000000.0
633,1300000.0
636,500000.0
637,850000.0
638,300000.0
646,243000.0
647,220000.0
648,3100000.0
649,783000.0
652,2500000000.0
654,36000000.0
656,312000.0
657,385000.0
659,187000.0
660,6800000.0
661,734000.0
665,80000000.0
666,2300000.0
668,500000.0
669,16000000.0
670,750000.0
671,125000.0
672,7000000.0
673,25000000.0
674,750000.0
676,34000000.0
677,30000000.0
678,1000000.0
679,2600000.0
680,20000000.0
681,8500000.0
682,12000000.0
683,1000000.0
686,1000000.0
688,3000000.0
689,2250000.0
690,464000.0
692,18500000.0
696,540000.0
697,1700000.0
698,2000000.0
699,4000000.0
704,10000000.0
706,600000.0
707,700000.0
708,200000.0
712,1200000.0
713,35000000.0
715,25000000.0
716,200000.0
717,15000000.0
719,1250000.0
722,234000.0
723,50000000.0
725,1000000.0
728,1200000.0
729,1000000.0
732,650000.0
733,600000.0
734,232000.0
735,1500000.0
736,1500000.0
737,350000.0
738,300000.0
739,250000.0
741,7800000.0
742,500000.0
743,1000000.0
744,776000.0
745,15000000.0
747,5500000.0
749,50000000.0
751,500000.0
752,12300000.0
753,1000000.0
754,100000.0
755,2000000.0
759,12500000.0
760,4000000.0
761,300000.0
762,5200000.0
763,2400000.0
764,4500000.0
765,215000.0
766,31000000.0
768,4600000.0
769,2000000.0
770,500000.0
771,4000000.0
772,1000000.0
773,5000000.0
774,71000000.0
775,4000000.0
776,5000000.0
778,311000.0
780,3000000.0
781,2000000.0
782,1000000.0
784,5000000.0
785,21000000.0
786,73700000.0
787,10000000.0
788,1500000.0
789,10000000.0
791,390000.0
792,104500000.0
793,1000000.0
799,233000.0
800,700000.0
803,1000000.0
804,5000000.0
805,3200000.0
806,50000.0
811,1400000.0
812,7700000.0
813,600000.0
815,4000000.0
818,5000000.0
820,466000.0
821,1000000.0
822,500000.0
825,3000000.0
826,500000.0
827,250000.0
828,5300000.0
829,1000000.0
831,1400000000.0
832,1000000.0
835,30000000.0
836,500000.0
838,6600000.0
840,1000000.0
841,580000.0
842,8000000.0
847,3500000.0
850,1500000.0
851,80000000.0
852,5000000.0
853,7000000.0
854,3800000.0
855,8200000.0
857,40000000.0
860,2700000.0
861,6100000.0
862,3690000.0
863,7000000.0
864,500000.0
865,500000.0
867,3000000.0
869,21000000.0
870,5000000.0
874,18000000.0
876,4600000.0
877,150000.0
878,2300000.0
879,5500000.0
880,100000.0
882,4000000.0
883,4500000.0
884,4500000.0
885,2100000.0
889,7700000.0
890,260000000.0
891,310000.0
892,1500000.0
895,175000.0
896,620000.0
898,4650000.0
899,2000000.0
900,600000.0
901,1250000.0
902,155000.0
903,3000000.0
905,1000000.0
906,6300000.0
907,250000000.0
908,3200000.0
910,245000.0
911,3100000.0
912,20000000.0
914,11000000.0
915,1500000.0
916,1000000.0
918,3600000.0
921,1500000.0
922,750000.0
925,330000000.0
926,10000000.0
929,1500000.0
930,500000.0
931,2500000.0
933,7600000.0
935,275000.0
937,6700000.0
939,200000000.0
940,19500000.0
941,1200000.0
942,150000.0
943,1790000.0
944,10000000.0
945,10000000.0
946,1000000.0
947,30000.0
948,3650000.0
949,15000000.0
950,1100000.0
951,120000.0
953,500000.0
954,4500000.0
955,443000.0
957,600000.0
960,3350000.0
961,100000.0
962,1350000.0
964,3100000.0
965,200000.0
967,1400000000.0
968,3670000.0
969,5300000.0
971,191000.0
972,15000000.0
973,56000000.0
974,382000.0
976,100000000.0
978,500000.0
980,300000.0
982,325000.0
983,650000.0
985,10000000.0
986,50000.0
990,155000.0
991,3000000.0
992,7000000.0
995,25000000.0
998,2500000.0
1000,450000.0
1001,10000000.0
1002,1000000.0
1003,1200000.0
1004,55000000.0
1006,40000.0
1007,6000000.0
1009,8000000.0
1010,500000.0
1012,5800000.0
1013,7500000.0
1014,3200000.0
1015,15000000.0
1016,330000.0
1017,400000.0
1018,300000.0
1019,22400000.0
1022,6500000.0
1023,350000.0
1024,3000000.0
1025,3000000.0
1026,500000.0
1027,400000.0
1028,15200000.0
1031,40000.0
1032,40000.0
1033,38700000.0
1034,15000000.0
1035,40000.0
1036,1100000.0
1040,375000.0
1041,94000.0
1042,1000000.0
1043,70000000.0
1044,366000.0
1045,825000.0
1051,13000000.0
1052,57000000.0
1053,35000000.0
1054,800000.0
1055,5000000.0
1056,2250000.0
1058,100000.0
1059,3500000.0
1061,1350000.0
1062,10000000.0
1063,4100000.0
1065,440000.0
1066,4500000.0
1069,5000000.0
1071,700000.0
1072,800000.0
1073,2000000.0
1074,55000000.0
1075,441000.0
1076,500000.0
1077,147000.0
1080,650000.0
1081,300000.0
1083,1000000.0
1090,50000.0
1093,15000000.0
1096,500000.0
1097,10000000.0
1098,4000000.0
1101,4000000.0
1103,2200000.0
1104,8800000.0
1106,1400000.0
1107,300000.0
1109,106000.0
1110,22500.0
1111,68000.0
1112,18000.0
1114,2000000.0
1116,1200000.0
1117,4000000.0
1118,3600000.0
1119,100000.0
1121,3000000.0
1123,1400000.0
1125,147000.0
1131,9000000.0
1132,440000.0
1134,6500000.0
1135,250000.0
1136,6000000.0
1138,450000.0
1139,250000.0
1140,10000000.0
1141,200000.0
1142,2000000.0
1144,2000000.0
1145,10000000.0
1147,11100000.0
1149,150000.0
1150,1000000.0
1153,297000.0
1154,100000.0
1155,10000000.0
1156,35000000.0
1157,3000000.0
1158,23000000.0
1159,123000.0
1161,7400000.0
1162,50000.0
1165,15000000.0
1167,500000.0
1169,162000.0
1171,324000.0
1172,300000.0
1173,2000000.0
1180,1200000.0
1181,10000000.0
1182,5000000.0
1184,1000000.0
1188,200000.0
1189,55000000.0
1190,150000.0
1193,6000000.0
1195,10000000.0
1197,1000000.0
1198,150000.0
1201,45000.0
1202,3000000.0
1203,75000000.0
1204,3000000.0
1205,2000000.0
1206,12000000.0
1207,1000000.0
1211,3000000.0
1212,2000000.0
1214,6000000.0
1215,4000000.0
1216,5000000.0
1218,13500000.0
1221,147000.0
1222,1000000.0
1225,90000.0
1226,650000.0
1227,5000000.0
1228,147000.0
1230,5000000.0
1232,147000.0
1233,20000000.0
1234,600000.0
1235,10000000.0
1238,4000000.0
1245,100000.0
1246,2000000.0
1248,3000000.0
1249,1000000.0
1250,963000.0
1251,150000.0
1252,200000.0
1253,2000000.0
1254,218000.0
1255,100000.0
1256,440000.0
1257,500000.0
1259,500000.0
1261,5000000.0
1263,2000000.0
1264,200000.0
1265,450000.0
1268,2000000.0
1269,4200000.0
1270,3000000.0
1272,1000000.0
1273,2500000.0
1274,3750000.0
1278,1200000.0
1280,300000.0
1282,1050000.0
1283,100000.0
1284,2200000.0
1285,15000000.0
1287,375000.0
1288,50000000.0
1289,500000.0
1291,2000000.0
1294,450000.0
1295,25000.0
1296,7000000.0
1297,6000000.0
1301,25000000.0
1302,227000.0
1303,1000000.0
1306,300000.0
1307,16000000.0
1308,150000.0
1311,2500000.0
1313,30000000.0
1314,1100000.0
1315,750000.0
1319,300000.0
1321,3000000.0
1322,7500000.0
1323,6000000.0
1324,500000.0
1327,100000.0
1328,1000000.0
1330,1000000.0
1331,700000.0
1332,971000.0
1333,27000000.0
1335,100000.0
1336,100000.0
1337,100000.0
1338,750000.0
1339,1000000.0
1341,6700000.0
1347,1350000.0
1348,500000.0
1350,900000.0
1351,8000000.0
1352,500000.0
1353,6000000.0
1354,315000.0
1355,670000.0
1356,200000.0
1357,50000000.0
1360,150000.0
1361,450000.0
1363,448000.0
1364,3000000.0
1365,12300000.0
1366,300000.0
1370,2500000.0
1372,150000.0
1374,200000.0
1375,5000000.0
1376,1500000.0
1377,100000.0
1378,1000000.0
1379,750000.0
1381,15000000.0
1383,500000.0
1385,1000000.0
1387,31300000.0
1388,298000.0
1389,350000.0
1390,6000000.0
1392,425000.0
1393,1000000.0
1394,745000.0
1395,6000000.0
1401,1580000.0
1403,500000.0
1404,1000000.0
1405,1000000.0
1406,51000000.0
1407,180000.0
1409,1500000.0
1411,19000000.0
1413,12000000.0
1414,200000.0
1415,275000.0
1416,3000000.0
1417,2500000.0
1418,1800000.0
1420,1000000.0
1422,225000.0
1423,890000.0
1424,500000.0
1427,27000.0
1429,40000.0
1430,445000.0
1431,200000.0
1434,500000.0
1435,600000.0
1436,7000000.0
1438,209000.0
1439,15000000.0
1440,1500000.0
1441,1500000.0
1442,15600000.0
1443,500000.0
1447,62000000.0
1448,175000000.0
1449,500000.0
1450,1500000.0
1451,250000.0
1453,375000.0
1455,675000.0
1459,20000000.0
1460,375000.0
1463,37000000.0
1466,100000.0
1468,200000.0
1470,1000000.0
1471,100000.0
1472,500000.0
1474,500000.0
1475,900000.0
1476,3000000.0
1479,3000000.0
1482,24000000.0
1483,500000.0
1484,40000000.0
1485,550000.0
1487,3000000.0
1488,7000000.0
1490,1000000.0
1491,15000000.0
1492,149000.0
1493,104000.0
1494,60000000.0
1495,2000000.0
1496,3000000.0
1498,5300000.0
1502,500000.0
1504,700000.0
1506,15000000.0
1507,200000.0
1508,2000000.0
1510,16000000.0
1511,1000000.0
1512,82000000.0
1513,1700000.0
1514,740000.0
1515,250000.0
1516,297000.0
1517,2000000.0
1518,1000000.0
1522,1950000.0
1523,6000000.0
1524,3500000.0
1525,3000000.0
1526,12250000.0
1531,5000000.0
1533,600000.0
1534,1350000.0
1536,5000000.0
1539,450000.0
1540,1070000.0
1542,1000000.0
1543,2000000.0
1545,250000.0
1547,6000000.0
1548,650000.0
1549,650000.0
1550,30000000.0
1553,10000000.0
1554,15000000.0
1555,1000000.0
1556,250000.0
1557,1000000.0
1558,595000.0
1560,1000000.0
1562,595000.0
1568,1000000.0
1570,1000000.0
1572,75000.0
1573,2000000.0
1574,448000.0
1575,4000000.0
1576,2000000.0
1577,100000.0
1578,23000000.0
1579,1000000.0
1580,1000000.0
1581,500000.0
1582,200000.0
1585,16000000.0
1587,200000.0
1590,2000000.0
1592,500000.0
1600,1000000.0
1601,30000.0
1605,6000000.0
1606,1000000.0
1607,4400000.0
1608,450000.0
1610,450000.0
1611,600000.0
1614,20000000.0
1616,12000000.0
1617,900000.0
1618,5200000.0
1624,150000.0
1628,400000.0
1629,225000.0
1631,150000.0
1632,6000000.0
1633,150000.0
1634,3500000.0
1635,210000.0
1638,50000.0
1640,500000.0
1641,6000000.0
1642,3000000.0
1643,148000.0
1644,1200000.0
1645,100000.0
1647,3000000.0
1648,8000000.0
1649,300000.0
1650,32000000.0
1651,295000.0
1654,100000.0
1655,50000.0
1657,1500000.0
1658,25000000.0
1659,220000.0
1661,368000.0
1663,376000.0
1664,145000.0
1666,50000000.0
1668,250000.0
1670,180000.0
1672,200000.0
1673,60000000.0
1674,12000000.0
1675,200000.0
1676,200000.0
1677,150000.0
1678,500000.0
1679,500000.0
1680,500000.0
1682,375000.0
1683,1000000.0
1685,75000.0
1686,2750000.0
1687,450000.0
1688,250000.0
1689,6000000.0
1690,1500000.0
1691,18000000.0
1692,1500000.0
1693,7000000.0
1694,900000.0
1696,100000000.0
1697,500000.0
1698,25000000.0
1699,150000.0
1704,13500000.0
1705,2200000.0
1706,1000000.0
1711,250000.0
1712,100000.0
1714,10000000.0
1715,1000000.0
1717,1000000.0
1719,500000.0
1720,500000.0
1721,300000.0
1723,89000.0
1725,1000000.0
1727,1500000.0
1728,100000.0
1730,2000000.0
1732,475000.0
1734,200000.0
1736,4400000.0
1737,8900000.0
1740,175000.0
1741,2700000.0
1746,25000000.0
1751,1000000.0
1752,500000.0
1753,6000000.0
1754,1000000.0
1758,40000.0
1759,200000.0
1761,100000000.0
1762,300000.0
1763,1000000.0
1767,1000000.0
1768,150000.0
1769,250000.0
1770,750000.0
1772,100000.0
1774,1000000.0
1776,15000000.0
1779,30000000.0
1780,150000.0
1785,10000000.0
1787,1500000.0
1788,450000.0
1790,2000000.0
1794,15000000.0
1801,3000000.0
1804,450000.0
1805,200000.0
1807,550000.0
1808,15000000.0
1809,1300000.0
1810,15000000.0
1811,500000.0
1814,450000.0
1816,600000.0
1817,1200000.0
1818,500000.0
1819,100000.0
1824,600000.0
1826,1400000.0
1828,1000000.0
1829,500000.0
1831,1000000.0
1833,150000.0
1835,100000.0
1837,4000000.0
1838,500000.0
1839,3000000.0
1840,500000.0
1841,250000.0
1843,100000.0
1847,750000.0
1848,8000000.0
1849,650000.0
1851,500000.0
1852,2500000.0
1853,1000000.0
1855,400000.0
1857,11100000.0
1859,15000000.0
1860,1000000.0
1862,223608.0
1863,14900000.0
1865,1000000.0
1866,150000.0
1867,250000.0
1868,180000.0
1871,250000.0
1872,200000.0
1873,230000.0
1874,800000.0
1875,108000.0
1876,1500000.0
1877,30000.0
1880,2000000.0
1881,75000000.0
1882,150000000.0
1883,600000.0
1886,360000.0
1888,100000.0
1889,300000.0
1891,330000.0
1893,500000.0
1894,150000.0
1895,300000.0
1897,300000.0
1898,4700000.0
1899,200000.0
1900,500000.0
1902,400000.0
1906,4000000.0
1908,22500.0
1909,22500.0
1910,22500.0
1911,22500.0
1912,1000000.0
1913,100000.0
1914,100000.0
1915,30000.0
1916,30000.0
1918,13500000.0
1922,1000000.0
1923,81000.0
1924,52000.0
1925,1000000.0
1928,100000.0
1929,100000.0
1933,12500000.0
1938,200000.0
1940,1200000.0
1941,150000.0
1946,125000.0
1947,1000000.0
1948,1000000.0
1949,4000000.0
1950,5000000.0
1951,200000000.0
1954,50000.0
1955,300000.0
1956,500000.0
1958,1000000.0
1959,970000.0
1961,4000000.0
1965,350000.0
1967,10000000.0
1968,5000000.0
1971,73000.0
1974,300000.0
1975,350000.0
1976,5000000.0
1979,400000.0
1981,1000000.0
1982,3000000.0
1983,100000.0
1985,4500000.0
1986,37000.0
1988,11000000.0
1990,160000.0
1992,10000000.0
1993,400000.0
1994,150000.0
1996,5000000.0
1998,5800000.0
1999,70000.0
2000,145000.0
2001,2500000.0
2003,13000000.0
2009,6000000.0
2011,100000.0
2013,150000.0
2014,5000000.0
2017,750000.0
2018,1000000.0
2019,150000.0
2020,3000000.0
2021,750000.0
2024,160000.0
2025,100000.0
2026,180000000.0
2027,5000000.0
2028,250000.0
2029,45000.0
2032,5400000.0
2034,16500000.0
2035,1000000.0
2037,100000000.0
2039,2300000.0
2040,250000.0
2041,145000000.0
2042,100000.0
2043,240000.0
2045,4000000.0
2049,520000.0
2052,200000.0
2058,6000000.0
2059,35000000.0
2063,1400000.0
2064,5000000.0
2065,445000.0
2066,3500000.0
2068,1800000.0
2069,20000000.0
2070,4000000.0
2071,40000.0
2074,500000.0
2075,2200000.0
2076,15000000.0
2077,3000000.0
2078,200000.0
2080,7200000.0
2083,515000.0
2084,35000000.0
2085,30000000.0
2087,150000.0
2088,21000000.0
2091,4000000.0
2092,1000000.0
2094,1000000.0
2095,370000.0
2099,160000.0
2101,185000.0
2102,17000000.0
2103,5150000.0
2104,1100000.0
2109,1000000.0
2112,5600000.0
2113,500000.0
2115,2000000.0
2116,1500000.0
2119,100000.0
2120,20000000.0
2123,100000.0
2124,100000.0
2125,20000000.0
2128,4500000.0
2129,30000000.0
2131,250000.0
2132,100000.0
2135,2000000.0
2136,3000000.0
2138,350000.0
2139,3000000.0
2141,25000000.0
2142,5000000.0
2143,500000.0
2144,500000.0
2145,10000000.0
2147,2500000.0
2148,70000000.0
2149,600000.0
2153,150000.0
2155,1000000.0
2157,3500000.0
2159,200000.0
2160,3000000.0
2163,1000000.0
2164,22500000.0
2165,2000000.0
2166,1200000.0
2168,30000000.0
2169,1700000.0
2171,1200000.0
2174,200000.0
2175,2000000.0
2176,4000000.0
2177,2000000.0
2181,3000000.0
2183,750000.0
2184,500000.0
2185,1000000.0
2187,1000000.0
2188,5000000.0
2190,303000.0
2192,2200000.0
2193,1000000.0
2194,500000.0
2195,150000.0
2196,6600000.0
2198,200000.0
2199,750000.0
2202,5000000.0
2203,150000.0
2204,385000.0
2205,320000.0
2206,500000.0
2207,16600000.0
2208,250000.0
2210,400000.0
2211,150000.0
2212,200000.0
2215,1800000.0
2216,2000000.0
2217,460000.0
2218,490000.0
2220,15000000.0
2221,500000.0
2222,1500000.0
2223,1000000.0
2224,1900000.0
2225,150000.0
2226,150000.0
2227,6000000.0
2229,600000.0
2231,500000.0
2233,250000.0
2235,3700000.0
2236,180000.0
2238,15000000.0
2239,34000000.0
2240,600000.0
2241,7500000.0
2242,200000.0
2243,530000.0
2244,300000.0
2245,500000000.0
2246,2500000.0
2247,4000000.0
2252,25000000.0
2253,500000.0
2255,455000.0
2256,12500000.0
2258,305000.0
2259,150000.0
2260,3000000.0
2262,1200000.0
2263,100000.0
2264,2000000.0
2265,100000.0
2266,250000.0
2268,52000000.0
2270,1500000.0
2271,110000.0
2272,27000000.0
2274,13400000.0
2275,120000000.0
2276,1000000.0
2279,2000000.0
2284,1450000.0
2285,540000.0
2287,9000000.0
2293,350000.0
2296,2000000.0
2297,6000000.0
2298,9500000.0
2299,15000000.0
2300,1000000.0
2301,150000.0
2302,700000.0
2303,500000.0
2304,10000000.0
2306,500000.0
2307,6000000.0
2308,3000000.0
2310,20000000.0
2313,2000000.0
2314,7700000.0
2316,10000000.0
2317,310000.0
2318,70000.0
2320,8000000.0
2321,300000.0
2323,1000000.0
2324,77000.0
2325,190000.0
2328,100000.0
2331,1000000.0
2332,2500000.0
2333,50000.0
2335,77000.0
2341,1000000.0
2343,25000000.0
2344,100000.0
2346,7000000.0
2347,10000000.0
2350,2950000.0
2351,1530000.0
2352,100000.0
2353,640000.0
2355,150000.0
2356,150000.0
2357,1000000.0
2358,250000.0
2359,5000000.0
2360,400000.0
2361,500000.0
2362,50000000.0
2363,9000000.0
2365,77000.0
2366,350000.0
2367,10000000.0
2369,1100000.0
2370,200000.0
2374,450000.0
2377,130000.0
2378,7500000.0
2379,2000000.0
2380,230000.0
2381,80000.0
2382,10000000.0
2383,100000.0
2385,1000000.0
2386,900000.0
2388,40000000.0
2389,45000000.0
2390,260000.0
2392,40000000.0
2394,150000.0
2395,100000.0
2396,2000000.0
2397,600000.0
2398,205000.0
2399,60000000.0
2400,1800000.0
2401,400000.0
2404,770000.0
2405,9200000.0
2406,315000.0
2407,100000.0
2409,1000000.0
2411,15000000.0
2413,1200000.0
2414,9000000.0
2415,3000000.0
2416,225000000.0
2417,2000000.0
2418,4250000.0
2420,1000000.0
2421,300000.0
2423,10000000.0
2424,410000.0
2425,450000.0
2428,75000000.0
2429,600000.0
2430,350000.0
2431,1150000.0
2432,150000.0
2433,150000.0
2435,37500000.0
2436,235000.0
2438,125000.0
2441,3000000.0
2444,800000.0
2445,400000.0
2446,10000000.0
2447,300000.0
2450,1200000.0
2451,2250000.0
2452,1750000.0
2453,3300000.0
2454,400000.0
2455,2000000.0
2456,1000000.0
2459,30000000.0
2460,680000000.0
2461,100000000.0
2462,36000000.0
2465,350000.0
2467,5000000.0
2468,1000000.0
2470,1000000.0
2471,500000000.0
2472,400000.0
2474,5000000.0
2477,100000000.0
2479,9600000.0
2480,1300000.0
2481,650000.0
2482,1300000.0
2483,30000000.0
2484,3000000.0
2485,500000.0
2487,785000.0
2489,500000.0
2490,90000000.0
2493,700000.0
2494,25000000.0
2496,630000.0
2497,500000.0
2501,500000.0
2502,80000.0
2504,250000.0
2505,16000000.0
2506,250000.0
2507,1000000.0
2508,30000000.0
2509,8000000.0
2510,1600000.0
2511,100000.0
2512,20000000.0
2513,63000000.0
2514,7500000.0
2515,50000000.0
2516,770000.0
2517,2500000.0
2518,500000.0
2519,25000000.0
2521,4000000.0
2522,100000.0
2523,245000.0
2525,220000.0
2527,160000.0
2531,310000.0
2533,15000000.0
2534,4200000.0
2535,1000000.0
2538,1000000.0
2540,2400000.0
2542,20000000.0
2543,156000.0
2544,600000.0
2545,600000.0
2546,500000.0
2547,300000.0
2548,400000.0
2551,1000000.0
2552,3000000.0
2553,4000000.0
2554,250000.0
2555,100000.0
2556,400000.0
2558,500000.0
2563,2000000.0
2564,160000.0
2566,300000.0
2567,4000000.0
2571,1000000.0
2572,630000.0
2575,13500000.0
2576,60000000.0
2577,5000000.0
2578,161000.0
2579,6500000.0
2581,1000000.0
2583,395000.0
2586,30000000.0
2588,3000000.0
2589,5000000.0
2593,100000000.0
2594,11000000.0
2595,30000000.0
2596,20000.0
2598,470000.0
2599,7500000.0
2600,10000000.0
2601,10200000.0
2602,11000000.0
2613,10000000.0
2615,300000.0
2616,7500000.0
2617,790000.0
2618,500000.0
2619,100000000.0
2620,2300000.0
2622,11000000.0
2623,700000.0
2624,1600000.0
2625,100000.0
2626,15000000.0
2627,4850000.0
2629,1000000.0
2630,2000000.0
2631,30000000.0
2632,12750000.0
2633,25000000.0
2634,320000.0
2636,20000000.0
2637,15000000.0
2638,1000000.0
2639,60000000.0
2641,1000000.0
2643,15000000.0
2644,6000000.0
2648,100000000.0
2649,700000000.0
2650,1300000.0
2651,1000000.0
2652,2000000.0
2653,2400000.0
2654,50000000.0
2655,1200000.0
2656,600000.0
2657,2400000.0
2658,16000000.0
2659,168000.0
2660,168000.0
2663,500000.0
2665,2000000.0
2666,5000000.0
2668,6000000.0
2669,500000.0
2670,4000000.0
2671,350000.0
2673,1000000.0
2674,550000.0
2675,500000.0
2676,35000000.0
2677,350000.0
2680,3000000.0
2681,100000.0
2682,15000000.0
2683,150000.0
2685,250000.0
2687,137000000.0
2688,1000000.0
2689,20000000.0
2690,50000000.0
2691,500000.0
2692,10000000.0
2693,5000000.0
2695,40000000.0
2696,5000000.0
2697,16500000.0
2698,234000.0
2700,140000.0
2702,5000000.0
2703,350000.0
2704,250000.0
2705,16000000.0
2706,50000000.0
2708,500000.0
2711,500000.0
2714,8200000.0
2716,3000000.0
2717,5000000.0
2720,4000000.0
2721,11000000.0
2722,120000.0
2723,10000000.0
2724,3100000.0
2725,5000000.0
2728,500000.0
2730,1600000.0
2731,6000000.0
2732,1000000.0
2737,15000000.0
2738,5500000.0
2739,500000.0
2740,8600000.0
2741,6000000.0
2742,2500000.0
2743,250000.0
2744,10000000.0
2746,1000000.0
2747,400000.0
2751,2500000.0
2752,1500000.0
2753,100000000.0
2754,100000.0
2755,550000.0
2756,200000.0
2757,1000000.0
2758,650000.0
2759,250000.0
2760,6000000.0
2761,15000000.0
2763,85000000.0
2764,15000000.0
2766,3500000.0
2767,10000000.0
2768,5000000.0
2769,1000000.0
2771,2000000.0
2772,150000.0
2774,2000000.0
2775,2000000.0
2777,2000000.0
2781,5000000.0
2782,250000.0
2783,270000.0
2786,1000000.0
2787,16000000.0
2788,470000.0
2789,1000000.0
2791,5500000.0
2792,10000000.0
2793,3000000.0
2795,625000.0
2797,500000.0
2799,500000.0
2801,2000000.0
2802,200000.0
2803,1000000.0
2804,1000000.0
2805,5000000.0
2806,180000.0
2807,240000.0
2808,5000000.0
2810,12000000.0
2811,2000000.0
2812,200000.0
2813,1000000.0
2814,120000.0
2815,165000.0
2816,150000000.0
2817,2200000.0
2819,10000000.0
2820,25000000.0
2821,400000000.0
2822,200000.0
2823,2000000.0
2824,165000.0
2825,50000000.0
2827,900000.0
2829,25000000.0
2830,10000000.0
2831,300000.0
2832,500000.0
2833,1000000.0
2834,1250000.0
2835,5000000.0
2836,35000000.0
2837,10000000.0
2838,40000000.0
2839,1600000.0
2840,1200000.0
2841,12000000.0
2844,4000000.0
2845,6000000.0
2846,50000000.0
2847,28000000.0
2849,3500000.0
2850,1500000.0
2851,15000000.0
2852,18000000.0
2853,1800000.0
2854,500000.0
2855,1000000.0
2858,12000000.0
2859,350000.0
2860,1000000.0
2861,400000.0
2863,10000000.0
2865,250000.0
2866,21500000.0
2867,1000000.0
2868,6000000.0
2869,3500000.0
2871,400000.0
2872,500000.0
2873,8000000.0
2874,5500000.0
2875,120000.0
2876,15000000.0
2878,1000000.0
2879,2500000.0
2880,1200000.0
2881,2500000.0
2882,500000.0
2884,1000000.0
2885,150000.0
2886,5000000.0
2887,20000000.0
2889,15000000.0
2890,110000000.0
2892,5000000.0
2894,500000.0
2895,200000.0
2897,166000.0
2898,1300000.0
2899,166000.0
2900,50000000.0
2902,5000000.0
2903,200000.0
2905,2000000.0
2906,2800000.0
2908,3000000.0
2909,180000.0
2910,15000000.0
2912,120000.0
2914,6000000.0
2915,160000.0
2916,6000000.0
2917,500000.0
2918,2000000.0
2920,25000000.0
2921,5000000.0
2922,1750000.0
2924,100000.0
2925,100000.0
2926,115000.0
2927,30000000.0
2928,1500000.0
2929,10000000.0
2930,75000000.0
2931,3000000.0
2932,16000000.0
2933,16000000.0
2934,16600.0
2935,16600.0
2936,16600.0
2937,16600.0
2938,16600.0
2939,16600.0
2940,250000.0
2941,1000000.0
2943,26000000.0
2944,325000.0
2945,518000.0
2946,60000000.0
2948,18000000.0
2950,100000.0
2951,80000000.0
2952,40000000.0
2953,3000000.0
2955,20000000.0
2958,13000000.0
2959,3000000.0
2962,20000000.0
2963,30000000.0
2965,1000000.0
2966,16500000.0
2967,4150000.0
2968,1000000.0
2970,5000000.0
2971,800000.0
2972,500000.0
2973,1600000.0
2974,290000.0
2975,4500000.0
2976,1000000.0
2977,10000000.0
2978,3000000.0
2979,500000.0
2981,250000.0
2982,160000.0
2984,320000.0
2985,2000000.0
2987,16000000.0
2988,1200000.0
2989,10000000.0
2990,2150000.0
2991,315000.0
2992,380000.0
2993,10000000.0
2994,135000.0
2995,285000.0
2997,10000000.0
2998,1000000.0
2999,600000.0
3001,125000.0
3003,30768.0
3004,5000000.0
3006,13000000.0
3009,290000.0
3011,50000000.0
3012,650000.0
3013,161000.0
3014,100000000.0
3015,330000.0
3017,200000.0
3018,16000.0
3019,16000.0
3020,16000.0
3021,16000.0
3022,16000.0
3023,11000000.0
3025,200000.0
3026,14750000.0
3027,325000.0
3029,3250000.0
3030,200000.0
3033,56000000.0
3034,31000000.0
3035,1500000.0
3037,1000000.0
3038,50000000.0
3039,2500000.0
3040,4500000.0
3041,825000.0
3042,1500000.0
3044,140000.0
